mysql> select * from animal;
+------+---------+-----------+--------+
| id   | name    | family    | weight |
+------+---------+-----------+--------+
|    1 | Ellie   | Elephant  |   2350 |
|    2 | Gerald  | Gnu       |   1400 |
|    3 | Gerald  | Giraffe   |    940 |
|    4 | Leonard | Leopard   |    230 |
|    5 | Sam     | Snake     |     24 |
|    6 | Steve   | Snake     |     35 |
|    7 | Zorro   | Zebra     |    340 |
| 1000 | Peaches | Porcupine |     50 |
+------+---------+-----------+--------+
8 rows in set (0.01 sec)


mysql> select * from food;
+----+------+---------+
| id | anid | feed    |
+----+------+---------+
|  1 |    1 | hay     |
|  2 |    1 | peanuts |
|  3 |    2 | leaves  |
|  4 |    2 | shoots  |
|  5 |    3 | hay     |
|  6 |    3 | grass   |
|  7 |    4 | meat    |
|  8 |    5 | mice    |
|  9 |    5 | meat    |
| 10 |    6 | mice    |
| 11 |    6 | meat    |
| 12 |    7 | grass   |
| 13 |    7 | leaves  |
+----+------+---------+
13 rows in set (0.00 sec)


mysql> select * from animal left join  food on animal.id=food.anid;
+------+---------+-----------+--------+------+------+---------+
| id   | name    | family    | weight | id   | anid | feed    |
+------+---------+-----------+--------+------+------+---------+
|    1 | Ellie   | Elephant  |   2350 |    1 |    1 | hay     |
|    1 | Ellie   | Elephant  |   2350 |    2 |    1 | peanuts |
|    2 | Gerald  | Gnu       |   1400 |    3 |    2 | leaves  |
|    2 | Gerald  | Gnu       |   1400 |    4 |    2 | shoots  |
|    3 | Gerald  | Giraffe   |    940 |    5 |    3 | hay     |
|    3 | Gerald  | Giraffe   |    940 |    6 |    3 | grass   |
|    4 | Leonard | Leopard   |    230 |    7 |    4 | meat    |
|    5 | Sam     | Snake     |     24 |    8 |    5 | mice    |
|    5 | Sam     | Snake     |     24 |    9 |    5 | meat    |
|    6 | Steve   | Snake     |     35 |   10 |    6 | mice    |
|    6 | Steve   | Snake     |     35 |   11 |    6 | meat    |
|    7 | Zorro   | Zebra     |    340 |   12 |    7 | grass   |
|    7 | Zorro   | Zebra     |    340 |   13 |    7 | leaves  |
| 1000 | Peaches | Porcupine |     50 | NULL | NULL | NULL    |
+------+---------+-----------+--------+------+------+---------+
14 rows in set (0.00 sec)

